{
  "opening-tag": "{",
  "closing-tag": "}",
  "body": "<html>\n  <header>\n    <meta charset=\"utf-8\">\n    <meta name=\"viewport\" content=\"width=device-width, initial-scale=1\">\n    <link rel=\"stylesheet\" href=\"https://stackpath.bootstrapcdn.com/bootstrap/4.3.1/css/bootstrap.min.css\" integrity=\"sha384-ggOyR0iXCbMQv3Xipma34MD+dH/1fQ784/j6cY/iJTQUOhcWr7x9JvoRxT2MZw1T\" crossorigin=\"anonymous\">\n<script src=\"https://stackpath.bootstrapcdn.com/bootstrap/4.3.1/js/bootstrap.min.js\" integrity=\"sha384-JjSmVgyd0p3pXB1rRibZUAYoIIy6OrQ6VrjIEaFf/nJGzIxFDsf4x0xIM+B07jRM\" crossorigin=\"anonymous\"></script>\n<link rel=\"stylesheet\" href=\"bootstyle.css\">\n    <title>output</title>\n  </header>\n  <body>\n    <main class=\"container\">\n      {}\n </main>\n  <script src=\"js/jquery.min.js\"></script>\n    <script src=\"js/bootstrap.min.js\"></script>\n  </body>\n</html>\n",
  "header": "<div class=\"col-lg-12\">Header\n{}\n</div>\n",
  "btn-active": "\n",
  "btn-inactive": "\n",
  "row": "<div class=\"row\">{}</div>\n",
  "single": "<div class=\"col-lg-12\">\n{}\n</div>\n",
  "double": "<div class=\"col-lg-6\">\n{}\n</div>\n",
  "triple": "<div class=\"col-lg-4\">\n{}\n</div>\n",
  "quadruple": "<div class=\"col-lg-3\">\n{}\n</div>\n",
  "btn-green": "<br>\n",
  "btn-orange": "<br>\n",
  "btn-red": "<br>",
  "big-title": "<h2>DIV</h2>",
  "small-title": "<h4>DIV</h4>",
  "text": "<p>Content</p>\n"
}