{
  "opening-tag": "{",
  "closing-tag": "}",
  "body": "<!DOCTYPE html>\n<html>\n  <header>\n    <meta charset=\"utf-8\">\n    <meta name=\"viewport\" content=\"width=device-width, initial-scale=1\">\n<link rel=\"stylesheet\" href=\"nonboottablet.css\">\n<title>Title</title>\n</header>\n<body>\n{}\n</body>\n</html>\n",
  "header": "<div class=\"header\">Header</div>\n",
  "btn-active": "\n",
  "btn-inactive": "\n",
  "row": "{}",
  "single": "<div class=\"col1\">{}</div>\n",
  "double": "<div class=\"col2\">{}</div>\n",
  "quadruple": "<div class=\"col4\">{}</div>\n",
  "btn-green": "<br>\n",
  "btn-orange": "<br>\n",
  "btn-red": "<br>",
  "big-title": "<h2>DIV</h2>",
  "small-title": "<h4>Content</h4>",
  "text": "<p>Content</p>\n",
  "title": "<h2>TITLE</h2>",
  "title-bold": "<b>TITLE-BOLD</b>",
  "title-italic": "<i>TITLE-ITALIC</i>",
  "title-underline": "<u>TITLE-UNDERLINE</u>"
}